[  
   {  
      "id":204,
      "title":"Автово",
      "line":{  
         "id":13,
         "title":"Кировско-Выборгская"
      }
   },
   {  
      "id":538,
      "title":"Адмиралтейская",
      "line":{  
         "id":18,
         "title":"Фрунзенско-Приморская"
      }
   },
   {  
      "id":218,
      "title":"Академическая",
      "line":{  
         "id":13,
         "title":"Кировско-Выборгская"
      }
   },
   {  
      "id":207,
      "title":"Балтийская",
      "line":{  
         "id":13,
         "title":"Кировско-Выборгская"
      }
   },
   {  
      "id":612,
      "title":"Беговая",
      "line":{  
         "id":15,
         "title":"Невско-Василеостровская"
      }
   },
   {  
      "id":543,
      "title":"Бухарестская",
      "line":{  
         "id":18,
         "title":"Фрунзенско-Приморская"
      }
   },
   {  
      "id":246,
      "title":"Василеостровская",
      "line":{  
         "id":15,
         "title":"Невско-Василеостровская"
      }
   },
   {  
      "id":210,
      "title":"Владимирская",
      "line":{  
         "id":13,
         "title":"Кировско-Выборгская"
      }
   },
   {  
      "id":516,
      "title":"Волковская",
      "line":{  
         "id":18,
         "title":"Фрунзенско-Приморская"
      }
   },
   {  
      "id":214,
      "title":"Выборгская",
      "line":{  
         "id":13,
         "title":"Кировско-Выборгская"
      }
   },
   {  
      "id":231,
      "title":"Горьковская",
      "line":{  
         "id":14,
         "title":"Московско-Петроградская"
      }
   },
   {  
      "id":244,
      "title":"Гостиный Двор",
      "line":{  
         "id":15,
         "title":"Невско-Василеостровская"
      }
   },
   {  
      "id":219,
      "title":"Гражданский Проспект",
      "line":{  
         "id":13,
         "title":"Кировско-Выборгская"
      }
   },
   {  
      "id":220,
      "title":"Девяткино",
      "line":{  
         "id":13,
         "title":"Кировско-Выборгская"
      }
   },
   {  
      "id":253,
      "title":"Достоевская",
      "line":{  
         "id":16,
         "title":"Правобережная"
      }
   },
   {  
      "id":260,
      "title":"Елизаровская",
      "line":{  
         "id":15,
         "title":"Невско-Василеостровская"
      }
   },
   {  
      "id":222,
      "title":"Звёздная",
      "line":{  
         "id":14,
         "title":"Московско-Петроградская"
      }
   },
   {  
      "id":517,
      "title":"Звенигородская",
      "line":{  
         "id":18,
         "title":"Фрунзенско-Приморская"
      }
   },
   {  
      "id":205,
      "title":"Кировский завод",
      "line":{  
         "id":13,
         "title":"Кировско-Выборгская"
      }
   },
   {  
      "id":259,
      "title":"Комендантский проспект",
      "line":{  
         "id":18,
         "title":"Фрунзенско-Приморская"
      }
   },
   {  
      "id":257,
      "title":"Крестовский остров",
      "line":{  
         "id":18,
         "title":"Фрунзенско-Приморская"
      }
   },
   {  
      "id":221,
      "title":"Купчино",
      "line":{  
         "id":14,
         "title":"Московско-Петроградская"
      }
   },
   {  
      "id":249,
      "title":"Ладожская",
      "line":{  
         "id":16,
         "title":"Правобережная"
      }
   },
   {  
      "id":203,
      "title":"Ленинский проспект",
      "line":{  
         "id":13,
         "title":"Кировско-Выборгская"
      }
   },
   {  
      "id":215,
      "title":"Лесная",
      "line":{  
         "id":13,
         "title":"Кировско-Выборгская"
      }
   },
   {  
      "id":252,
      "title":"Лиговский проспект",
      "line":{  
         "id":16,
         "title":"Правобережная"
      }
   },
   {  
      "id":241,
      "title":"Ломоносовская",
      "line":{  
         "id":15,
         "title":"Невско-Василеостровская"
      }
   },
   {  
      "id":243,
      "title":"Маяковская",
      "line":{  
         "id":15,
         "title":"Невско-Василеостровская"
      }
   },
   {  
      "id":544,
      "title":"Международная",
      "line":{  
         "id":18,
         "title":"Фрунзенско-Приморская"
      }
   },
   {  
      "id":223,
      "title":"Московская",
      "line":{  
         "id":14,
         "title":"Московско-Петроградская"
      }
   },
   {  
      "id":226,
      "title":"Московские Ворота",
      "line":{  
         "id":14,
         "title":"Московско-Петроградская"
      }
   },
   {  
      "id":206,
      "title":"Нарвская",
      "line":{  
         "id":13,
         "title":"Кировско-Выборгская"
      }
   },
   {  
      "id":230,
      "title":"Невский Проспект",
      "line":{  
         "id":14,
         "title":"Московско-Петроградская"
      }
   },
   {  
      "id":613,
      "title":"Новокрестовская",
      "line":{  
         "id":15,
         "title":"Невско-Василеостровская"
      }
   },
   {  
      "id":250,
      "title":"Новочеркасская",
      "line":{  
         "id":16,
         "title":"Правобережная"
      }
   },
   {  
      "id":532,
      "title":"Обводный канал",
      "line":{  
         "id":18,
         "title":"Фрунзенско-Приморская"
      }
   },
   {  
      "id":239,
      "title":"Обухово",
      "line":{  
         "id":15,
         "title":"Невско-Василеостровская"
      }
   },
   {  
      "id":236,
      "title":"Озерки",
      "line":{  
         "id":14,
         "title":"Московско-Петроградская"
      }
   },
   {  
      "id":224,
      "title":"Парк Победы",
      "line":{  
         "id":14,
         "title":"Московско-Петроградская"
      }
   },
   {  
      "id":521,
      "title":"Парнас",
      "line":{  
         "id":14,
         "title":"Московско-Петроградская"
      }
   },
   {  
      "id":232,
      "title":"Петроградская",
      "line":{  
         "id":14,
         "title":"Московско-Петроградская"
      }
   },
   {  
      "id":234,
      "title":"Пионерская",
      "line":{  
         "id":14,
         "title":"Московско-Петроградская"
      }
   },
   {  
      "id":242,
      "title":"Площадь Александра Невского I",
      "line":{  
         "id":15,
         "title":"Невско-Василеостровская"
      }
   },
   {  
      "id":251,
      "title":"Площадь Александра Невского II",
      "line":{  
         "id":16,
         "title":"Правобережная"
      }
   },
   {  
      "id":211,
      "title":"Площадь Восстания",
      "line":{  
         "id":13,
         "title":"Кировско-Выборгская"
      }
   },
   {  
      "id":213,
      "title":"Площадь Ленина",
      "line":{  
         "id":13,
         "title":"Кировско-Выборгская"
      }
   },
   {  
      "id":216,
      "title":"Площадь Мужества",
      "line":{  
         "id":13,
         "title":"Кировско-Выборгская"
      }
   },
   {  
      "id":217,
      "title":"Политехническая",
      "line":{  
         "id":13,
         "title":"Кировско-Выборгская"
      }
   },
   {  
      "id":245,
      "title":"Приморская",
      "line":{  
         "id":15,
         "title":"Невско-Василеостровская"
      }
   },
   {  
      "id":240,
      "title":"Пролетарская",
      "line":{  
         "id":15,
         "title":"Невско-Василеостровская"
      }
   },
   {  
      "id":248,
      "title":"Проспект Большевиков",
      "line":{  
         "id":16,
         "title":"Правобережная"
      }
   },
   {  
      "id":202,
      "title":"Проспект Ветеранов",
      "line":{  
         "id":13,
         "title":"Кировско-Выборгская"
      }
   },
   {  
      "id":237,
      "title":"Проспект Просвещения",
      "line":{  
         "id":14,
         "title":"Московско-Петроградская"
      }
   },
   {  
      "id":209,
      "title":"Пушкинская",
      "line":{  
         "id":13,
         "title":"Кировско-Выборгская"
      }
   },
   {  
      "id":238,
      "title":"Рыбацкое",
      "line":{  
         "id":15,
         "title":"Невско-Василеостровская"
      }
   },
   {  
      "id":254,
      "title":"Садовая",
      "line":{  
         "id":18,
         "title":"Фрунзенско-Приморская"
      }
   },
   {  
      "id":229,
      "title":"Сенная площадь",
      "line":{  
         "id":14,
         "title":"Московско-Петроградская"
      }
   },
   {  
      "id":522,
      "title":"Спасская",
      "line":{  
         "id":16,
         "title":"Правобережная"
      }
   },
   {  
      "id":255,
      "title":"Спортивная",
      "line":{  
         "id":18,
         "title":"Фрунзенско-Приморская"
      }
   },
   {  
      "id":258,
      "title":"Старая Деревня",
      "line":{  
         "id":18,
         "title":"Фрунзенско-Приморская"
      }
   },
   {  
      "id":208,
      "title":"Технологический институт I",
      "line":{  
         "id":13,
         "title":"Кировско-Выборгская"
      }
   },
   {  
      "id":228,
      "title":"Технологический институт II",
      "line":{  
         "id":14,
         "title":"Московско-Петроградская"
      }
   },
   {  
      "id":235,
      "title":"Удельная",
      "line":{  
         "id":14,
         "title":"Московско-Петроградская"
      }
   },
   {  
      "id":247,
      "title":"Улица Дыбенко",
      "line":{  
         "id":16,
         "title":"Правобережная"
      }
   },
   {  
      "id":227,
      "title":"Фрунзенская",
      "line":{  
         "id":14,
         "title":"Московско-Петроградская"
      }
   },
   {  
      "id":233,
      "title":"Чёрная Речка",
      "line":{  
         "id":14,
         "title":"Московско-Петроградская"
      }
   },
   {  
      "id":212,
      "title":"Чернышевская",
      "line":{  
         "id":13,
         "title":"Кировско-Выборгская"
      }
   },
   {  
      "id":256,
      "title":"Чкаловская",
      "line":{  
         "id":18,
         "title":"Фрунзенско-Приморская"
      }
   },
   {  
      "id":225,
      "title":"Электросила",
      "line":{  
         "id":14,
         "title":"Московско-Петроградская"
      }
   }
]